Rank,Final Score,Pass 1 Text Score,Name,URL,Region,Village / Town,Google Maps Link,GPS,Tables Score (max 25),Common Room Score (max 25),Sleeping Comfort Score (max 20),Wellness Score (max 15),Facilities Score (max 15),Tables Confirmed by Vision,Verdict,Pros,Cons,Image Reasoning,Capacity Total,Regular Beds,Extra Beds,Bedrooms Count,Bedroom Layout,Bunk Beds Count,Toilets Count,Bathrooms Count,Showers Count,Has Sauna,Sauna Type,Has Hot Tub / Whirlpool,Has Pool,Beer Tap Available,Tables & Workspace Description,Table Seating Capacity,Common Room Size m2,Common Room Description,Fridges Count,Dishwashers Count,Kitchen Details,Wi-Fi Available,Parking Spaces,Exclusive Private Rental,Owner on Site Risk,Price Weekend CZK,Price Week CZK,Price Notes,Property ID,Source HTML File
1,92.5,93.0,Chalupa Nový Svět,https://www.e-chalupy.cz/chalupa-novy-svet-prostredni-lipka-pronajem-o3649,Orlické hory,Prostřední Lipka,"https://www.google.com/maps?q=50.1052925,16.7454111","50.1052925, 16.7454111",25.0,24.0,18.0,13.0,12.5,YES,"This property is an outstanding choice for garage-trip.cz due to its massive common room and excellent facility ratio. The sheer size of the communal areas, combined with professional kitchen capabilities and multiple bathrooms, easily accommodates a large group of tech enthusiasts. While it might lack absolute isolation, its amenities make it highly suitable.","• Extremely large common area suitable for workshops/gaming (30+ seating capacity)
• High number of bathrooms/toilets (11 WC) minimizing bottlenecks
• Full professional kitchen setup for large groups
• Excellent wellness facilities including Finnish sauna and outdoor hot tub","• The property is part of a larger complex ('Nový Svět'), potentially compromising 'exclusive whole-object privacy'
• While spacious, the common area might be slightly divided by architectural elements (e.g., separate dining/living zones)
• Requires careful planning to manage 30+ people in one space","The photos confirm a very large common area (visible in '001' and '029'), which appears to be the main living/dining space on the second floor. Multiple large wooden tables are visible, suggesting capacity for many laptops and board games. The kitchen setup is extensive, featuring multiple appliances. The sauna room ('036') is clearly visible and looks well-maintained. Bedrooms appear comfortable with standard beds, avoiding crowded dormitories. The overall impression from the photos is one of spaciousness and modern amenities.",32,32,0,14,"['tří - lůžkový pokoj s vlastním sociálním zařízením', 'pěti - lůžkový pokoj se dvěma ložnicemi (1x manželská postel, 3 samostatná lůžka), předsíňkou a samostatným sociálním zařízením', 'sedmi - lůžkový pokoj se třemi ložnicemi (2x manželská postel, 3x samostatná lůžko) velkou předsíňkou a sociálním zařízením uzpůsobeným pro osobu s omezenou hybností']",0,11,4,4,YES,finská,YES,NO,YES,3 velké dřevěné stoly (variabilně uzpůsobitelné),30,,"Velká jídelně s relax zónou. Obsahuje: 3 velké dřevěné stoly (kapacita 30 židlí), relax zónu pro děti (TV, wi-fi, herní konzole X - Box Kinect 360, PlayStation PS3, projektor) a relax zónu pro dospělé (velkoplošná TV, wi-fi, SKYLINK, TV anténa, tři dvousedačkové pohovky, dva sedáky).",4,2,"Plnohodnotná kuchyň pro více lidí: 2x horkovzdušná trouba, 2x mikrovlnná trouba, 2x sklokeramická deska, 2x dřez, 2x myčkou nádobí, kávovar na zrnkovou kávu, topinkovač, toustovač, 4x lednice. Přiložena spíž a chladící zařízení (4 naražeče).",YES,1,NO,NO,40000,80000,Storno poplatky 100% zálohy.,3649,chalupa-novy-svet-prostredni-lipka-pronajem-o3649.html
2,92.5,81.5,Chalupa U hřiba,https://www.e-chalupy.cz/ubytovani-lenora-houzna-pronajem-chalupa-u-hriba-o1887,Šumava,Lenora,"https://www.google.com/maps?q=48.9276055556,13.7682527778","48.9276055556, 13.7682527778",23.0,24.0,16.0,14.5,13.0,YES,"This property is an outstanding choice for garage-trip.cz. The combination of a massive common room, high-capacity kitchen, and premium wellness facilities far exceeds the requirements for a large tech retreat. While bathroom count is slightly low, the overall experience and space make it highly recommended.","• Exceptional common area with capacity for 30+ people
• Full privacy (polosamota u lesa) and dedicated facilities
• Excellent wellness amenities (Finnish sauna, hot tub, pool)
• High-capacity kitchen suitable for large group catering","• Limited number of bathrooms/toilets (only 2 full baths + 1 sauna bath area)
• Sleeping arrangements are complex and require careful planning to avoid overcrowding in some rooms","The photos confirm a very large common area (kuchyn-jidelna) with a substantial wooden table and ample seating capacity for many people. The room setup is open and conducive to group activities. The sauna photo shows a dedicated Finnish sauna facility. The kitchen photos show modern appliances, including a full refrigerator, dishwasher, and cooking surfaces suitable for large groups. Overall, the visible spaces are well-equipped for a tech retreat.",33,33,0,6,"['1x 4-person (2 single beds, 1 bunk bed)', '1x 2-person (2 single beds) connected to a 3rd room', '1x 6-person (2 single beds, 1 double bed, 1 sofa bed)', '1x 2-person (1 double bed)', '1x 8-person (2 double beds, 3 single beds + pullout bed)', '1x 11-person (2 double beds, 5 single beds, 1 sofa bed)']",1,3,2,2,YES,finnish,YES,YES,YES,Large table in the dining area; outdoor pergola has seating for 30 people.,30,,The ground floor features a large living/dining room and a separate utility area with lounge seating. There is also a covered pergola terrace.,1,1,"Fully equipped kitchen with large fridge (200cm), dishwasher, electric stove, and microwave suitable for large groups.",NO,,YES,NO,11000,21000,Electricity consumption over 50KW is charged extra (5 CZK/KW). Deposit covers the whole house for a week.,1887,ubytovani-lenora-houzna-pronajem-chalupa-u-hriba-o1887.html
3,92.0,79.5,Statek Záříčí u Červené Lhoty,https://www.e-chalupy.cz/ubytovani-zarici-statek-pronajem-o14555,Jižní Čechy,,"https://www.google.com/maps?q=49.2492561111,14.8291655556","49.2492561111, 14.8291655556",25.0,23.0,17.0,14.0,15.0,YES,"This statek is an outstanding fit for garage-trip.cz. The combination of a massive, dedicated common room, top-tier wellness facilities, and robust catering capabilities makes it perfect for both technical workshops and large social gatherings. It offers the ideal blend of rustic atmosphere and modern group functionality.","• Massive common room with dedicated dining/workshop space for 30+ people.
• Exceptional wellness facilities (Finnish sauna, whirlpool, indoor pool).
• Fully equipped kitchen and multiple beer taps/refrigeration units.
• High capacity (27 guests) and ample private outdoor space.","• The property is very old ('Statek z roku 1868'), which might present structural or aesthetic limitations.
• While the common area is large, the sleeping arrangements rely on various room sizes that may require careful coordination for a group of 30+.","The photos confirm a massive common room/dining hall (labeled 'spolecenska-mistnost-jidelna') with multiple long wooden tables and ample seating for large groups. The setup is ideal for workshops or gaming. Wellness facilities visible include the whirlpool ('virivka'), sauna, and general wellness areas, suggesting high quality and variety. The kitchen area appears fully equipped (multiple fridges, industrial appliances) suitable for catering to 25-35 people.",27,26,1,8,"['1x 4-bed', '2x 3-bed', '1x 5-bed', '1x 2-bed (with child bed)', '1x 2-bed (with child bed)', '1x 4-bed (accessible ground floor)']",,3,5,5,YES,finnish,YES,YES,YES,The main dining hall seats 30 people; the general area is suitable for group activities.,30,,Large dining hall for 30 people and a large living room connected to it. The property has a big common area feel.,,,Fully equipped kitchen suitable for large groups.,NO,10,YES,NO,30000,60000,Electricity consumption is charged at 10 CZK/kWh. Water usage is free.,14555,ubytovani-zarici-statek-pronajem-o14555.html
4,92.0,74.5,Tkalcovna U Zlatého potoka,https://www.e-chalupy.cz/ubytovani-nedvezi-tkalcovna-u-zlateho-potoka-o844,Orlické hory,Nedvězí,"https://www.google.com/maps?q=50.3177861111,16.2702908333","50.3177861111, 16.2702908333",23.0,25.0,17.0,14.0,13.0,YES,"This property is an exceptional fit for garage-trip.cz. The combination of a massive common area, multiple kitchen facilities, and high-end wellness amenities far exceeds the requirements for a large tech retreat. It offers the ideal balance of communal fun and private comfort.","• Massive common room perfect for workshops and gaming
• Multiple dedicated kitchen units (3) for group cooking
• Excellent wellness facilities (Finnish sauna, hot tub, natural pool)
• High capacity (30 guests) with multiple bathrooms/toilets","• The sleeping arrangement details suggest some smaller rooms that might feel cramped if the group is large and spread out.
• While spacious, the common room setup in photos doesn't show dedicated, fixed seating for 25-30 people simultaneously, relying on movable tables.","The photos show a very large, open-plan common room (společenská místnost) with high ceilings and ample space for gathering. Multiple long wooden tables are visible in the foreground and middle ground, suggesting capacity for many laptops and board games. The kitchen area is modern, featuring multiple appliances (microwave, fridge, stove/oven), confirming cooking capability for a large group. The sauna area is not explicitly shown but the description confirms a Finnish sauna with two showers. The overall setup appears highly suitable for a tech retreat.",30,30,0,8,"['1x2-bed', '1x3-bed', '1x4-bed (mezipatr)', '1x4-bed (mezonet)', '1x3-bed (mezonet)', '1x2-bed (mezonet)', '1x6-bed (mezonet, s 2 dětskými postýlkami)', '1x5-bed (podkrovní)']",,4,8,2,YES,finnish,YES,NO,YES,V společenské místnosti je vybaven bar a vinotéka; nebylo specifikováno pracovní místo.,,200,Prostorná společenská místnost (200m²) s vnitřním krbem a barem. Má výhled na Zlatý potok.,1,,Přízemí má 3 plně vybavené kuchyňky pro vaření.,YES,,YES,NO,25000,50000,Ceny jsou uvedeny pro letní sezónu. V zimní sezóně je spotřeba elektřiny zahrnuta.,844,ubytovani-nedvezi-tkalcovna-u-zlateho-potoka-o844.html
5,90.0,83.0,Chalupa U hřiba,https://www.e-chalupy.cz/ubytovani-vlci-jamy-chalupa-u-hriba-pronajem-o3253,Jižní Čechy,Vlčí Jámy,"https://www.google.com/maps?q=48.927563056,13.768269722","48.927563056, 13.768269722",25.0,24.0,17.0,14.0,12.0,YES,"This property is an excellent fit, offering massive common space and top-tier amenities like the private sauna and professional kitchen. The large gathering area easily accommodates workshops and gaming sessions for 25-30 people. While the toilet count is slightly low for maximum capacity, the overall quality, privacy, and facilities make it a highly recommended choice.","• Exceptional common area size for large groups.
• High level of amenities including private sauna and hot tub.
• Fully equipped kitchen suitable for feeding 35+ people.
• Absolute privacy on a secluded plot.","• Very high capacity (33 guests) might feel overwhelming for a smaller group.
• The sheer number of bedrooms/sections could make navigation complex.
• Potential bottleneck with only 3 toilets/showers for 25-35 adults.","The photos confirm a large common area (visible in '003_foto2.jpg' and '005_u-hriba-nove-113.jpg') with ample space for gathering. While the number of chairs isn't counted precisely, there are multiple visible seating arrangements and enough open floor space to accommodate 25-30 people working or playing games. The kitchen is extremely well-equipped (confirmed by text description: large fridges, dishwasher, etc.). The sauna area ('006_hospudka-posezeni-pipa.jpg') shows a dedicated, private wellness space with a Finnish sauna and bathing facilities. Bedrooms are distributed across multiple floors/sections (ground floor, attic, basement), suggesting good privacy distribution, though the capacity is very high (33 people).",33,33,0,6,"['1x 4-bed (2 single + 1 bunk)', '1x 2-bed', '1x 6-bed (2 single + 1 double + 1 sofa bed)', '1x 2-bed', '1x 8-bed (2 double + 3 single + 1 extra bed)', '1x 11-bed (2 double + 5 single + 1 sofa bed)']",1,3,3,2,YES,finnish,YES,YES,YES,Ample outdoor terrace space (for 30 people) and indoor common areas are available for games and work.,30,,"The main living area is spacious and features multiple seating options, ideal for large group gatherings.",2,1,"Fully equipped kitchen with two large refrigerators, dishwasher, electric stove/oven, and a separate kitchenette upstairs.",YES,6,YES,NO,11000,25000,"Weekend price is from 11,000 CZK (off-season). Electricity consumption over 50KW requires an additional fee of 5,- Kč/1KW. A refundable deposit of 2000,- Kč applies.",3253,ubytovani-vlci-jamy-chalupa-u-hriba-pronajem-o3253.html
6,90.0,79.5,Osada Ošíkov,https://www.e-chalupy.cz/ubytovani-kladky-osada-osikov-o18135,Severní Morava a Slezsko,Kladky,"https://www.google.com/maps?q=49.6551894,16.8192381","49.6551894, 16.8192381",25.0,24.0,16.0,14.0,12.0,YES,"This property is an exceptional fit for a large tech retreat. The common room and dedicated gaming/workshop space are massive, easily accommodating all 25-35 participants. While the bathroom count is low, the superb communal facilities, professional kitchen, and wellness amenities make this a top recommendation.","• Massive common room suitable for 30+ people
• Excellent gaming/workshop facilities (large tables, bar area)
• Full amenities including beer tap and professional kitchen
• High-bonus wellness features (Finnish sauna, hot tub)","• Limited number of bathrooms (only shared WC + one shower mentioned in the main description)
• Sleeping capacity is slightly lower than ideal for 35 people (max 19 beds)","The photos show a massive common room (společenská místnost) with a large fireplace and ample space for gathering. The seating area features multiple wooden tables and long benches/benches that can be configured for many people, suitable for workshops or gaming. The kitchen is fully equipped, showing modern appliances like a stove, dishwasher, and large fridge. The sauna (finnish) is mentioned in the description, and while not explicitly photographed in use, its presence is confirmed by the text. The overall setup suggests a large capacity for group activities.",28,19,9,7,"['Pokoj č. 1: 4-6 osoby', 'Pokoj č. 2: 4-5 osoby', 'Pokoj č. 3: 2 osoby', 'Pokoj č. 4: 2-3 osoby', 'Pokoj č. 5: 2-4 osoby', 'Pokoj č. 6: 2-6 osoby', 'Pokoj č. 7: 3 osoby']",,2,7,1,YES,finnish,YES,NO,YES,Předzahrádka má masivní stoly a lavice; společenská místnost je vybavena barem.,38,,"Velká společenská místnost z masivním dubovým inventářem a velkým krbem, vhodná pro 38 osob. Má také bar a hruň.",1,1,"Plně vybavená kuchyň s výbavou pro velké skupiny: sporák, velká lednice, myčka nádobí a mikrovlnná trouba.",YES,,YES,NO,1500,7500,"Cena zahrnuje kompletní úklid, lůžkoviny a ostatní náklady (plyn, vytápění, elektřina, voda). Neomezený přístup do wellness.",18135,ubytovani-kladky-osada-osikov-o18135.html
7,90.0,76.0,Chata Verda,https://www.e-chalupy.cz/ubytovani-moravsky-karlov-chata-verda-pronajem-o1783,Jeseníky,Moravský Karlov,"https://www.google.com/maps?q=50.0275791667,16.7777222222","50.0275791667, 16.7777222222",25.0,24.0,16.0,14.0,12.0,YES,"Chata Verda is an exceptionally well-equipped and spacious property that meets all critical requirements. The combination of massive gathering spaces, professional kitchen facilities, and top-tier wellness amenities makes it ideal for a high-end tech retreat. It scores highly despite its luxury nature, making it a strong recommendation.","• Excellent capacity (44 guests) with private rooms for all
• Extremely well-equipped common area suitable for workshops and gaming
• High-end wellness amenities including Finnish sauna, hot tub, and heated pool
• Professional kitchen capable of catering large groups","• The sheer size/luxury might be overkill or too formal for a casual 'garage trip' vibe.
• Potential lack of dedicated, informal group hangout space outside the main common room (though the garden is large).","The photos show a large common area (visible in '007' and '013') with ample space for gathering. Multiple tables are visible, suggesting capacity for workshops or gaming. The room setup includes a bar/seating area and enough open floor space to accommodate 25-30 people working on laptops or playing games. Bedrooms appear comfortable and well-spaced (e.g., '025'), avoiding the feel of overcrowded dorms. The sauna is confirmed as Finnish, and the outdoor photos confirm both a hot tub/barrel ('019') and an enclosed heated pool ('031'). Kitchen facilities are extensive, featuring multiple large stoves, dishwashers, and ample storage, suitable for feeding a large group. Bathroom facilities are excellent, with 10 toilets and individual WC/shower units in every room, minimizing bottlenecks.",44,39,5,10,['Details not specified (10 rooms total)'],,10,10,10,YES,finnish,YES,YES,YES,Ample seating in the common room for relaxation and activities.,,,"Large common room with a bar area, equipped with TV, ping pong, and board games.",4,2,"Fully equipped kitchen with two large multi-functional stoves, four refrigerators/freezers, and dishwashers.",YES,,YES,NO,110000,110000,Prices exclude electricity and local/recreational fees. Linen is included only for weekly stays.,1783,ubytovani-moravsky-karlov-chata-verda-pronajem-o1783.html
8,90.0,76.0,Relax zone Vrchovina,https://www.e-chalupy.cz/ubytovani-sychrov-relax-zone-vrchovina-o8551,Český ráj,Sychrov,"https://www.google.com/maps?q=50.647398611,15.072821667","50.647398611, 15.072821667",24.0,23.0,16.0,15.0,13.0,YES,"This property is an outstanding fit for garage-trip.cz due to its combination of massive common space, professional kitchen capabilities, and high-end wellness amenities. The large hall and multiple tables ensure that all 25-30 attendees can work or play simultaneously in a comfortable environment.","• Massive common hall (85m2) ideal for workshops and hacking sessions.
• Excellent amenities including Finnish sauna, hot tub/pool, and professional kitchen facilities.
• Ample sleeping capacity in comfortable apartments, avoiding dormitories.
• Fully equipped with multiple large tables and seating arrangements.","• The sheer size of the property might feel overly spread out or impersonal for a small group.
• While there are 7 toilets, the ratio is based on 25 guests; confirming enough simultaneous use points is difficult without more data.","The photos confirm a very large common area (Photo 033: multifunkční hala 85m2) suitable for workshops and group activities. The dining/common room features multiple long wooden tables set up with place settings, confirming ample space for laptops and board games. The kitchen is described as semi-professional and visible in the photos (Photo 025), suggesting capacity for large groups. Wellness facilities include a dedicated Finnish sauna and an outdoor pool/hot tub area, which are well-maintained. Bedrooms appear comfortable and spacious, avoiding overcrowded dorms. The overall setup strongly supports a large group event.",25,25,0,5,"['1x 3-bed', '2x 4-bed', '1x 6-bed', '1x 8-bed']",,7,4,4,YES,finnish,YES,YES,YES,Ample space in the large common area for activities; includes ping pong table in an attached universal hall (100m²).,,,"Large common dining hall with fireplace stoves, soft seating, TV, children's corner, and a semi-professional kitchen.",5,,Semi-professional kitchen with full equipment available for self-catering.,YES,,YES,NO,31920,70560,Prices include energy and wood for fireplaces. Deposit is required for potential damages.,8551,ubytovani-sychrov-relax-zone-vrchovina-o8551.html
9,89.5,84.0,Chalupa Červenka,https://www.e-chalupy.cz/ubytovani-cervena-voda-chalupa-cervenka-k-pronajmuti-o3140,Východní Čechy,Červená Voda,"https://www.google.com/maps?q=50.028893611,16.74583","50.028893611, 16.74583",25.0,23.0,16.0,14.5,12.0,YES,"This property is an excellent fit for garage-trip.cz due to its massive common room, extensive recreational facilities, and large kitchen capacity. While the sleeping arrangements are somewhat varied (including bunks), the overall amenities and gathering space make it highly suitable for a tech enthusiast retreat.","• Massive common room perfect for group activities
• Excellent recreational facilities (pool, sauna, games)
• Fully equipped kitchen capable of feeding large groups","• Sleeping arrangements include bunk beds and dorm-style rooms (less private)
• The beer tap is not confirmed/available
• High number of bathrooms helps, but the sheer size might be overwhelming for a small group.","The photos confirm a very large common area (společenská místnost) with extensive wooden paneling and high ceilings, ideal for gathering. Visible in the first photo are multiple tables suitable for laptops and board games, along with ample seating capacity. The second set of photos confirms the indoor pool setup (6x3m) with visible anti-current equipment. The kitchen photos show a fully equipped modern kitchen area. The sauna/wellness area is confirmed by text description (Infrasauna, sprcha, WC). Bedroom setups are varied but include several smaller rooms and dorm-style sleeping arrangements (bunks), which should be noted for the 'sleeping' score.",30,28,2,8,"['1x (dvoulůžko, lůžko a patrovka)', '1x (5xlůžko)', '1x apartmán s kuchyň', '1x (dvě dvoulůžka)', '1x manželská postel', '1x (2xlůžko a dvoulůžko)', '1x (dvoulůžko, lůžko a dětská patrovka)', '1x pokojík s 3xvyvýšené lůžko']",,8,6,2,YES,infra,YES,YES,NO,Jídelná je vybavena 5 stoly a 23 židlemi; v společenské místnosti jsou dostupné stoly na hry.,23,,"Velká společenská místnost s kulečníkem, fotbálekem a ping-pongem. Je vybaveno kuchyňskou jídelnou.",,1,Plně vybavená kuchyň s elektrickým sporákem a myčkou je součástí jídelní oblasti.,YES,5,YES,NO,15990,49999,"Ceny jsou za celou chalupu. Poplatky: závěrečný úklid (3000 Kč), bazén (příplatek). Účtování elektřiky a vody je dle spotřeby.",3140,ubytovani-cervena-voda-chalupa-cervenka-k-pronajmuti-o3140.html
10,89.5,82.5,Chalupa Bezvětří,https://www.e-chalupy.cz/chalupa-bezvetri-karlov-pod-pradedem-pronajem-o14021,Jeseníky,Karlov pod Pradědem,"https://www.google.com/maps?q=50.0188602778,17.3059330556","50.0188602778, 17.3059330556",24.0,23.0,16.0,14.5,13.0,YES,"This property is an excellent fit for garage-trip.cz due to its massive common area and high-end wellness facilities. The combination of large group space, multiple cooking areas, and a professional sauna setup makes it ideal for tech workshops and social gaming retreats.","• Excellent common room size for large groups.
• High-quality wellness amenities (Finnish sauna, hot tub/vířivka).
• Large capacity and multiple self-contained units.
• Well-equipped communal kitchen suitable for group cooking.","• The sleeping arrangement relies on multiple separate apartments, which might feel less cohesive than a single large house.
• While the common room is big, the sheer number of individual bathrooms (8) suggests potential maintenance complexity/bottlenecks if not managed well.","The photos show a very large common room (společenská místnost) with ample space for gathering and activities. Multiple images confirm the presence of long wooden tables and numerous chairs suitable for group work or board games. The sauna area is visible in multiple pictures, showing both Finnish and infra-sauna facilities, confirming high wellness quality. The kitchen photos show a large, well-equipped communal kitchen area with modern appliances (dishwasher, full stove/oven, large fridge).",28,24,4,10,"['Apartment 1: 1 bedroom', 'Apartment 2: 2 bedrooms', 'Apartment 3: 2 bedrooms', 'Apartment 4: 1 bedroom + trundle bed', 'Apartment 5: 1 bedroom', 'Apartment 6: 2 bedrooms']",,8,8,8,YES,finnish,YES,YES,YES,Seating is provided in the common room with tables and benches.,,,"The common area includes a kitchen, fireplace, and wine cellar. It features seating areas with tables and a large TV.",7,1,"The main kitchen area has a stove, oven, large fridge, microwave, and dishwasher. Individual apartments also have kitchens.",YES,,YES,NO,20500,140000,Pricing varies by season; minimum stay requirements apply. The price listed is for the entire object.,14021,chalupa-bezvetri-karlov-pod-pradedem-pronajem-o14021.html
11,89.5,75.5,Resort Počepice-Tikovský,https://www.e-chalupy.cz/resort-pocepice-ubytovani-o6031,Střední Čechy,,"https://www.google.com/maps?q=49.5951683333,14.3827522222","49.5951683333, 14.3827522222",25.0,24.0,17.0,14.5,11.0,YES,"This resort is an exceptionally well-equipped venue that meets almost all critical needs, especially regarding common space size, facilities count, and catering capability. The main drawback is the 'resort' feel rather than pure private cabin exclusivity. It is highly recommended for a large tech retreat, provided the group accepts the hotel/resort environment.","• Massive common room suitable for large groups (114 m2)
• Extremely high capacity and robust facilities (16 toilets/showers)
• Excellent amenities including Finnish sauna, hot tub, and bar area
• Professional kitchen setup capable of catering for 30+ people","• The property is a resort/hotel style, potentially lacking the 'exclusive whole-object privacy' feel desired.
• Sleeping arrangements are spread across many rooms (12), which might be less cohesive than a single large house.
• High cost structure and complex booking requirements.","The photos confirm a very large common area (jidelna/společenská místnost) with high ceilings and multiple zones. Photo '006' shows a long dining table setup suitable for workshops or meals. Photo '027' shows a dedicated bar/club room area, suggesting ample space for gathering. The overall impression is of a large, multi-functional hall designed for groups. While the photos confirm tables (long dining setups), they do not provide an exact count of chairs, but the description mentions 'dostatek stolů, židlí' (plenty of tables and chairs). The sauna photo ('009') shows a proper Finnish sauna setup. The kitchen area is described as fully equipped with professional appliances.",52,47,5,12,"['Mix of rooms (e.g., 2/2, 3/4, 5/2, 6)']",,16,16,16,YES,finnish,YES,NO,YES,The object has plenty of tables and chairs; seating capacity is by agreement.,,114,"Large common hall (114 m2) with a fireplace, bar club, and garden area. Suitable for large events and gatherings.",2,2,"Fully equipped professional kitchen with multiple stoves (gas/electric), two refrigerators, and two dishwashers for large groups.",YES,10,YES,NO,21540,,Weekend price is listed as starting from 21540 CZK. Extra fees apply for hall rental and utilities.,6031,resort-pocepice-ubytovani-o6031.html
12,89.0,83.5,Chata Františkov,https://www.e-chalupy.cz/kvilda-ubytovani-frantiskov-chata-pronajem-o21177,Šumava,Františkov,"https://www.google.com/maps?q=49.003659722,13.617088056","49.003659722, 13.617088056",24.5,23.0,16.0,14.5,13.0,YES,"This chata is an exceptionally well-suited location for garage-trip.cz. The common room is massive, featuring multiple sturdy tables perfect for hacking sessions and board games, while the high count of private bedrooms ensures privacy. The combination of excellent group facilities (kitchen, beer tap) and premium wellness amenities makes this a top recommendation.","• Excellent size and layout of the common room for large groups.
• Multiple long tables and chairs suitable for workshops and gaming.
• High-end wellness facilities including Finnish sauna and hot tub.
• Ample capacity (35 guests) with many private bedrooms.","• The sheer number of individual bathrooms/showers might be excessive or poorly utilized in a group setting, though the count is high.
• The property's focus seems geared towards family relaxation rather than purely tech-focused events (e.g., lack of dedicated presentation space).
• Potential for noise and crowding due to the large size and number of amenities.","The photos show a very large common room (společenská místnost) with high ceilings and rustic wooden beams. The main area is furnished with multiple long, sturdy wooden tables suitable for group work or gaming. There are numerous chairs arranged around these tables, confirming the capacity for 25-30 people to gather and work simultaneously. The sauna is described as a Finnish sauna (vnitřní vybavení) and outdoor wellness includes a hot tub/barrel (koupací sud). The kitchen appears fully equipped for group cooking, and the overall setup strongly supports large gatherings.",35,33,2,13,"['1x 2-bed', '1x 2+1 (double bed + single)', '2x 2-bed', '1x 2+1 (single beds)', '1x 2+3 (double bed + single + bunk)', '1x 2+2 (double bed + two singles)', '3x 2-bed', '2x 2+1 (double bed + single)', '1x 2-bed']",1,13,13,13,YES,finnish,YES,NO,YES,K dispozici společenská místnost pro zábavu a work-space.,,,"Společenská místnost s barem, fotbálkem, dětskou hernou a TV.",1,1,Kompletně vybavená kuchyň s ledničkou a myčkou nádobí.,YES,,YES,NO,19500,19500,Cena za noc je 19500 Kč. Při obsazenosti na 7 nocí je jedna noc zdarma.,21177,kvilda-ubytovani-frantiskov-chata-pronajem-o21177.html
13,89.0,82.0,Chalupa Červenka,https://www.e-chalupy.cz/chalupa-cervena-voda-ubytovani-cervenka-pronajmuti-o3742,Orlické hory,Červená Voda,"https://www.google.com/maps?q=50.0288063889,16.7458247222","50.0288063889, 16.7458247222",25.0,23.0,16.0,14.0,12.0,YES,"This property is an exceptionally strong candidate for garage-trip.cz due to its massive capacity, dedicated gaming space, and premium wellness amenities. The combination of ample common room seating, multiple hot tubs, and indoor pool significantly exceeds typical retreat requirements, making it highly suitable for a large tech/gaming group.","• Excellent dedicated gaming/common area with ample tables and seating.
• High-end wellness facilities including indoor pool, hot tubs (multiple), and sauna.
• Large capacity (30 guests) suitable for a large group retreat.
• Well-equipped kitchen and designated beer tap area in the sport corner.","• The sleeping arrangement description mentions several 4xpostel rooms, which could lead to overcrowding or lack of privacy if not managed carefully.
• While spacious, the common room layout might feel somewhat segmented by railings/dividers (as seen in photos).
• Requires careful management of utilities and costs for a large group (e.g., electricity usage mentioned).","The photos show a large common area with wooden paneling and high ceilings (Photo 1). There are multiple visible tables and chairs in the main room, suggesting ample space for workshops and gaming. The second photo clearly shows two dedicated hot tubs/jacuzzis and associated equipment (e.g., heaters/pumps), confirming excellent wellness facilities. The third photo confirms a large indoor pool area with blue tiling. The fourth photo shows a structured wooden railing/barrier in the common room, which might define a specific activity zone or walkway. The fifth photo is another view of the main living space, showing general furniture setup. The sixth photo appears to be an exterior shot or detail not relevant to core function.",30,27,3,8,"['1x (2xlůžko, 1xdvojlůžko)', '1x (dvoulůžko a 2xlůžko)', '2x dvoupostel/2xpostel s společnou koupelnou', '2x (dvoulůžko a 3xlůžko) s vlastní koupelnou', '2x 4xpostel v podkroví']",,5,4,1,YES,infra,YES,YES,YES,Kuchyňská jídelna má 5 stolů a dostatek pracovního prostoru.,24,,"Velká společenská místnost s vybavením pro zábavu (fotbálek, ping-pong, šipky).",2,1,"Včetně sporáku, myčky, maxi lednice, kávovarnice a výčepní zařízení v pivním koutě.",YES,7,YES,NO,15990,23000,"Ceny jsou za celou chalupu. Poplatky: úklid (3000 Kč), elektřina dle spotřeby, bazén/infrasauna za příplatek.",3742,chalupa-cervena-voda-ubytovani-cervenka-pronajmuti-o3742.html
14,89.0,82.0,Šťastnej kopec,https://www.e-chalupy.cz/ubytovani-destne-v-orlickych-horach-stastnej-kopec-o22661,Orlické hory,Deštné v Orlických horách,"https://www.google.com/maps?q=50.303652778,16.362236667","50.303652778, 16.362236667",23.0,24.5,17.0,13.0,13.0,YES,"Šťastnej kopec is an excellent fit due to its massive common area, professional catering facilities, and high capacity. The only major concerns are the current limited number of toilets (3) and the unconfirmed status of the sauna. If these two points can be managed or upgraded before the event, this property would be a top-tier choice for garage-trip.cz.","• Large common room designed for groups (30+ capacity)
• Professional kitchen and bar setup for cooking/catering
• Excellent location in the Orlické hory with outdoor activities
• Multiple private bathrooms/showers per unit (high comfort level)","• Only 3 toilets currently available (potential bottleneck for 25-35 people)
• The sauna is listed as 'in preparation' and not visible/confirmed operational.
• Sleeping arrangements are varied, requiring careful coordination to ensure enough comfortable beds for 30+ adults.","The photos confirm a large common area (Photo 001) with ample space for gathering. While specific tables and chairs are not perfectly visible in the main group shot, the detailed description mentions a 'velkorysá společenská místnost s kapacitou 30 míst' which strongly suggests adequate seating and multiple large tables suitable for workshops and gaming. The room setup appears conducive to large groups. Wellness features include an outdoor heated pool (Photos 002-004) and mention of a planned sauna/wellness area, though the actual sauna is not visible in the provided images. The kitchen photos show a professional, well-equipped space capable of catering for a large group.",33,33,0,12,"['5x standard rooms', '2x family apartments']",,3,7,7,NO,none,YES,YES,YES,The large common room has ample seating for board games and group activities.,30,,"Large ground floor common room with a capacity of 30 people, serving as both dining area and game room.",2,1,Fully equipped professional shared kitchen with appliances suitable for hosting up to 30 people. Apartments also have private kitchens.,YES,,YES,NO,33500,,Pricing is listed per whole object for the weekend. Check seasonal rates.,22661,ubytovani-destne-v-orlickych-horach-stastnej-kopec-o22661.html
15,89.0,81.5,Pohoda u Crhů,https://www.e-chalupy.cz/ubytovani-senozaty-pohoda-u-crhu-o15734,Vysočina,Senožaty,"https://www.google.com/maps?q=49.5695338889,15.1981263889","49.5695338889, 15.1981263889",25.0,24.0,16.0,13.0,12.0,YES,"Pohoda u Crhů is an exceptionally strong candidate for garage-trip.cz due to its massive common room and high-end wellness facilities. The combination of large group seating, multiple kitchens, and the private setting makes it ideal for both technical workshops and social gaming events.","• Massive common room/workshop space (Salonek) easily seating 30+ people.
• Excellent amenities including USSPA whirlpool and dedicated Finnish sauna.
• Multiple fully equipped kitchens and catering capabilities for large groups.
• High level of privacy in a closed courtyard setting.","• The sleeping capacity is listed as 29, which might be slightly tight for 35 adults (though the beds are comfortable).
• While there are many bathrooms/toilets, the ratio might feel strained if all 35 people use them simultaneously.
• The property description suggests a historical structure, so modern comfort may vary.","The photos confirm a very large common room (Salonek) with high ceilings and a classic stone fireplace area. Multiple long wooden tables are visible in the main gathering space, along with numerous chairs, confirming capacity for workshops and games. The rooms appear to be well-maintained historical structures. In terms of wellness, the description mentions a USSPA whirlpool and a Finnish sauna (Dyntar) with a separate cooling bath, which is excellent. The kitchen photos show fully equipped modern kitchens in multiple locations, suitable for large group cooking.",29,25,4,6,"['1x 2-bed', '1x 5-bed', '1x 4-bed', '1x 2-bed', '1x 5-bed (with sofa bed)', '1x 7-bed']",,6,3,2,YES,finnish,YES,YES,YES,Long wooden table in the main room; also includes a separate dining table in the ground floor kitchen.,30,,"Large salon/game room with a fireplace, bar, kitchen area, and capacity for up to 30 people.",3,1,Three fully equipped kitchens are available for cooking and dining.,YES,,YES,NO,,,Pricing details not provided in the text.,15734,ubytovani-senozaty-pohoda-u-crhu-o15734.html
16,89.0,76.5,Horská chata Praha,https://www.e-chalupy.cz/chata-praha-vitkovice-v-krkonosich-k-pronajmu-o13856,Krkonoše,Vítkovice,"https://www.google.com/maps?q=50.6928722222,15.5302894444","50.6928722222, 15.5302894444",23.0,24.0,17.0,15.0,12.0,YES,"This property is an excellent fit for garage-trip.cz. The common room is massive and perfectly suited for workshops and gaming, while the amenities (sauna, hot tub, kitchen) are top-tier. The capacity and communal space far outweigh minor concerns regarding bathroom ratios.","• Excellent common room size and setup for group work/games
• High capacity with multiple long tables and chairs
• Full amenities including Finnish sauna, hot tub, and kitchen","• Sleeping arrangements are somewhat varied (mix of double/quad rooms) and may require careful assignment.
• The description mentions 7 bathrooms/toilets, but the photos do not confirm their modern state or ratio for 30+ people.","The photos confirm a very large common area (jidelna) suitable for gathering. Multiple long wooden tables are visible in the dining/common room setup, along with numerous chairs, suggesting capacity for many people to work or play games. The sauna photo shows a dedicated Finnish sauna facility. The kitchen photo confirms a fully equipped kitchen (dishwasher, fridge, etc.). The overall impression is of a large, well-equipped space suitable for group activities.",25,25,0,7,"['3x 2-bed', '2x 4-bed', '1x family room for 5', '1x family room for 6']",,7,7,7,YES,finnish,YES,YES,YES,Common area has space for games and work.,,,"Large common room with a fireplace, bar, and fully equipped kitchen.",1,1,"Fully equipped kitchen with dishwasher, microwave, and fridge.",YES,7,YES,NO,19000,39000,Deposit required for energy usage. Electricity and gas heating are not included in the price.,13856,chata-praha-vitkovice-v-krkonosich-k-pronajmu-o13856.html
17,89.0,76.5,Statek Vletice,https://www.e-chalupy.cz/ubytovani-vletice-statek-pronajem-o13716,Střední Čechy,,"https://www.google.com/maps?q=49.603461667,14.310016944","49.603461667, 14.310016944",25.0,20.0,14.0,13.0,12.0,YES,"Statek Vletice is an excellent fit for garage-trip.cz due to its massive capacity, comprehensive wellness amenities, and professional kitchen setup. The common area is large enough to accommodate workshops and gaming, making it a highly recommended choice despite the shared bathroom setup.","• Excellent capacity (up to 28 guests) with room for expansion/group size.
• Comprehensive wellness facilities: Finnish sauna, hot tub, and pool are all available.
• Large, fully equipped kitchen suitable for catering large groups.
• Dedicated common area (Maštal) with AV equipment and outdoor space.","• The sleeping arrangements involve multiple shared bathrooms, which might feel less private than ideal for a tech retreat.
• While the main room is large, dedicated workshop/hacking tables are not explicitly visible in the provided photos.
• Requires booking external catering services for meals (though facilities are present).","The photos confirm a large common area (maštal) suitable for gathering. While the main photo shows some outdoor seating near the pool, the interior shots of the kitchen and general living space suggest ample room for additional tables/laptops, though specific dedicated workshop tables are not clearly visible in the provided images. The sauna is confirmed as Finnish and appears well-equipped (015_sauna.jpg). The hot tub/jacuzzi (016_virivka.jpg) and pool (006_bazen-za-poplatek.jpg) are also clearly visible, meeting the wellness requirements. The kitchen photos (014_kuchynka.jpg) show a large, fully equipped professional kitchen capable of catering for 25-35 people, including dishwashers and ample counter space.",28,28,0,8,"['1x 4-bed', '1x 2-bed', '1x 2-bed', '1x 4-bed', '1x 2-bed', '1x 6-bed', '1x 4-bed', '1x 4-bed']",,6,2,4,YES,finnish,YES,YES,YES,The common room has space for board games and work (projector/flipchart available).,,,"Large common room ('maštal') with sound system, projector, and self-service bar.",1,1,"Fully equipped shared kitchen including fridge, stove with oven, microwave, and dishwasher.",YES,10,YES,NO,28000,,"Weekend price is 28,000 CZK. Prices vary based on capacity (e.g., 24,000 CZK for full capacity). Additional services like wellness or breakfast are paid extra.",13716,ubytovani-vletice-statek-pronajem-o13716.html
18,89.0,74.5,Peckův mlýn - ubytování v soukromí,https://www.e-chalupy.cz/ubytovani-blazim-chalupa-peckuv-mlyn-pronajem-o3753,Západní Čechy,,"https://www.google.com/maps?q=49.919883611,13.033549722","49.919883611, 13.033549722",23.0,24.0,16.0,12.0,14.0,YES,"This property is an excellent fit for garage-trip.cz due to its massive common area, dedicated activity spaces, and high capacity. The combination of a large gathering hall, multiple private bedrooms, and full kitchen facilities makes it ideal for both workshops and social gaming events.","• Large common room with dedicated activity areas (pool hall, games)
• Excellent capacity and multiple private rooms
• Full kitchen facilities suitable for group cooking
• On-site beer tap and large gathering space","• The sheer number of bathrooms/toilets might be overestimated based on the description's complexity.
• While spacious, the common room setup feels more geared toward family gatherings than intense tech hacking sessions.
• Some rooms appear dated or rustic.","The photos show a large ground-floor common area (009) with substantial space for gathering and activities like board games/laptops. The dining area features multiple wooden tables and numerous chairs, confirming capacity for many people. Bedrooms are shown as traditional, private rooms (e.g., 004, 005), suggesting comfortable individual sleeping arrangements rather than overcrowded dorms. The kitchen photos (013) show a well-equipped space suitable for group cooking. A prominent feature is the large tiled fireplace/hearth area and visible sauna amenities mentioned in the text.",26,22,4,8,"['1x 4-bed', '1x 3-bed', '1x 2+3 bed (combined)', '1x 2-bed', '1x 2-bed', '2x 3-bed']",,5,4,4,YES,infra,NO,NO,YES,"Ample space in the common room; includes dedicated areas for board games, billiards, and table tennis.",30,,The main living area features tiled stoves and a separate hall for events (up to 30 people). It also has games like billiards and table tennis.,,1,"Fully equipped kitchen lines are available on all floors, including electric stoves, fridge, microwave. The ground floor has a dishwasher and washing machine.",YES,3,YES,NO,27900,79000,Prices do not include electricity consumption. A deposit is required for the beer tap system (500 CZK/weekend).,3753,ubytovani-blazim-chalupa-peckuv-mlyn-pronajem-o3753.html
19,89.0,73.5,Chata Polka,https://www.e-chalupy.cz/horni-vltavice-ubytovani-polka-chata-pronajem-o17566,Šumava,Polka,"https://www.google.com/maps?q=48.94664,13.7110342","48.94664, 13.7110342",24.0,23.0,16.0,14.5,13.0,YES,"Chata Polka is an excellent candidate, scoring highly due to its massive capacity and premium wellness amenities. The common area appears spacious enough for group hacking sessions, provided large tables are brought in. We recommend it, but organizers must confirm the exact layout of the main indoor gathering space and plan for staggered use of the bathrooms.","• Excellent capacity for large groups (26+ guests)
• High-quality wellness facilities (Finnish sauna, hot tub, pool)
• Large common area suitable for group activities
• Self-contained property with private outdoor space","• Sleeping arrangements are complex and require coordination (10 rooms/bunks)
• The description lacks detail on the size/layout of the main indoor gathering room for 30+ people
• Potential bottleneck in bathroom facilities if all 25-35 guests use them simultaneously","The photos show a large common area with extensive wooden decking and outdoor seating arrangements (visible in the first photo). While specific tables for laptop hacking are not explicitly detailed, the overall space suggests ample room for multiple large folding or modular tables to be brought in. The second photo confirms an outdoor pool/hot tub setup adjacent to the main cottage structure. The third photo shows a clean, well-maintained exterior of the sauna building and the main house. The fourth photo provides a clear view of the kitchen area (implied by the description but not detailed in photos) and general living space. The fifth and sixth photos confirm the outdoor pool/hot tub setup and surrounding patio.",26,18,8,10,"['2x (manželská postel + přistýlky)', '3x (manželská postel + přistýlka)', '1x (samostatné lůžko + přistýlka)', '2x 4-bed', '1x 2-bed']",,10,10,10,YES,finnish,YES,NO,YES,Seating capacity for games and work is available in the common room.,,,"The common room is equipped with a bar, football pitch, TV, and Wi-Fi. It serves as the main social area.",1,1,Fully equipped communal kitchen with appliances suitable for large groups.,YES,,YES,NO,19500,19500,Price is per night for the entire cottage. One night free when staying 7 nights (excluding Christmas/New Year's). Minimum stay is 2 nights.,17566,horni-vltavice-ubytovani-polka-chata-pronajem-o17566.html
20,88.0,90.0,Sládků statek,https://www.e-chalupy.cz/sviny-chalupa-pronajem-o95,Jižní Čechy,Sviny,"https://www.google.com/maps?q=49.186775,14.637080556","49.186775, 14.637080556",24.0,23.0,16.0,15.0,12.0,YES,"This property is an excellent fit due to its massive common area and comprehensive facilities. The combination of a large workspace, multiple kitchens, and premium wellness features (sauna/hot tub) makes it ideal for a tech retreat. Focus on booking the entire complex to ensure privacy.","• Massive common area perfect for large groups/workshops
• Excellent facilities (Infra-sauna, hot tub, pool)
• High capacity with multiple sleeping options and kitchens
• Ample outdoor recreational space (sports courts, playground)","• The sheer size might feel impersonal or overwhelming for a small group.
• Sleeping arrangements are complex (10 rooms/bunks possible), requiring careful management.
• While the common room is huge, the seating arrangement in photos suggests fixed benches rather than flexible chairs.","The photos show a very large common area with high vaulted ceilings and multiple sections suitable for gathering. The main photo ('014_spolecenska-mistnost.jpg') clearly shows several long, sturdy wooden tables arranged in rows, accompanied by matching benches/benches that can be used as seating. Another angle confirms the scale of the space. The kitchen photos show a fully equipped modern kitchen area with ample counter space and dining facilities (though the main common room setup is better for group work). The sauna quality is described as 'infra' and is not visible in the provided interior shots, but its presence is confirmed by the text.",29,29,0,10,['One large common area can accommodate up to 35 people.'],,8,5,5,YES,infra,YES,YES,YES,Large living kitchen table seats 24 people; the main common room is suitable for up to 35 guests.,24,,Two spacious common rooms and a large covered pergola area for family celebrations or events.,7,2,"Two fully equipped kitchens are available, including dishwashers and refrigerators, ideal for large groups.",YES,12,YES,NO,40000,100000,Electricity is charged according to consumption. Minimum stay is 3 nights.,95,sviny-chalupa-pronajem-o95.html
21,87.0,85.0,Chalupa na Mlatě,https://www.e-chalupy.cz/ubytovani-pavlice-chalupa-na-mlate-o6395,Jižní Morava,Pavlice,"https://www.google.com/maps?q=48.9718886,15.8975108","48.9718886, 15.8975108",25.0,24.0,17.0,13.0,10.0,YES,"This property is an exceptional fit for garage-trip.cz due to its massive common hall and high level of privacy. The combination of large gathering space, professional catering capability, and premium wellness features makes it ideal for a tech retreat.","• Dedicated, private facility (owner/other guests never present)
• Massive common hall with dedicated bar/beer tap area
• Excellent amenities including Finnish sauna, hot tub, and heated pool
• Fully equipped kitchen capable of catering for large groups","• Sleeping arrangements are described as 9 rooms but the photo evidence is limited to communal areas.
• The facility size (37 beds) might be overkill if only a small group attends.
• While private, it's a rental chalet, not a dedicated event venue.","The photos confirm a very large common room ('spolecensky-sal') suitable for gatherings (Photo: '010_spolecensky-sal.jpg'). This area has ample space and appears set up with multiple tables and chairs for group activities like workshops or board games. The sauna photos show a dedicated, well-equipped Finnish sauna setup. The kitchen photos ('041', '042', '043') confirm a modern, fully equipped kitchen suitable for cooking large meals. Bedrooms are not explicitly shown in the key images but the description confirms 9 rooms with individual capacity (max 5 per room), suggesting good privacy and avoiding overcrowded dorms.",38,21,17,9,"['Pokoj č. 1: až 4 osoby', 'Pokoj č. 2: až 4 osoby', 'Pokoj č. 3: až 5 osob', 'Pokoj č. 4: až 4 osoby', 'Pokoj č. 5: až 4 osoby', 'Pokoj č. 6: až 5 osob', 'Pokoj č. 7: až 4 osoby', 'Pokoj č. 8: až 4 osoby', 'Pokoj č. 9: až 4 osoby']",,8,8,,YES,finnish,YES,YES,YES,V kuchyni je plně vybavena pro běžné vaření; v velkém sále lze využít výčepní zařízení.,100,,Velký společenský sál (lze pronajmout) o celkové kapacitě až 100 osob. Má krb a bar.,2,1,"Plně vybavená kuchyň: lednice, trouba, mikrovlnná trouba, sporák, myčka nádobí.",YES,,YES,NO,1700,,"K ceně ubytování se po skončení pobytu účtují reálně spotřebované energie (voda, topení, dřevo, elektřina). Záloha je 50% z celkové ceny.",6395,ubytovani-pavlice-chalupa-na-mlate-o6395.html
22,87.0,76.0,Chalupa Stará Škola,https://www.e-chalupy.cz/chalupa-stara-skola-strazne-pronajem-o15694,Krkonoše,Strážné,"https://www.google.com/maps?q=50.6662938889,15.6158783333","50.6662938889, 15.6158783333",22.0,23.0,16.0,14.5,13.0,YES,"This chalet is an excellent fit for 'garage-trip.cz' due to its massive capacity, large communal areas, and comprehensive wellness facilities. While the sleeping arrangement appears dormitory-style (lacking privacy), the sheer size of the common room and kitchen easily accommodates a large tech group. We recommend confirming the availability of a beer tap upon booking.","• Excellent large common room space for group activities
• High capacity with ample sleeping arrangements
• Includes modern kitchen facilities for large groups
• Features both indoor and outdoor wellness options (sauna/hot tub)","• Sleeping arrangement in photos appears dormitory-style (less private)
• Lack of explicit beer tap availability
• The property description does not confirm a dedicated, high-volume common area separate from the main living space.","The photos show a large main common room (Photo 011) with ample space for gathering and multiple small tables/chairs suitable for workshops or board games. The second photo (026) shows the outdoor area featuring a hot tub/pool under a wooden pergola structure, confirming wellness amenities. The third photo (021) displays the interior sleeping quarters: it is a large room with several single beds arranged against the walls, maximizing space and providing a dormitory feel, though not an overcrowded bunk setup. The kitchen photos confirm modern appliances for cooking 25-35 people, including multiple refrigerators/freezers and a gas stove. The sauna (Photo 006) appears to be a dedicated Finnish sauna area.",28,28,0,8,"['1x 2-bed', '2x 3-bed', '5x 4-bed']",,8,8,8,YES,finnish,YES,YES,NO,Available for games (billiard table) and general socializing.,,,Large dining hall/living room with a fireplace and recreation area.,2,1,"Well-equipped kitchen with two refrigerators, dishwasher, gas stove, microwave, etc., suitable for large groups.",YES,15,YES,NO,25000,30000,Weekend price is listed for the off-season. Booking requires a deposit (100% for short stays).,15694,chalupa-stara-skola-strazne-pronajem-o15694.html
23,85.0,80.5,Chata Nový Zlatník,https://www.e-chalupy.cz/chata-novy-zlatnik-krasna-pronajem-o13947,Beskydy,Krásná,"https://www.google.com/maps?q=49.535077222,18.499008333","49.535077222, 18.499008333",25.0,23.0,16.0,14.0,13.0,YES,"This property is an excellent fit for garage-trip.cz due to its massive common area and high capacity. The combination of a large workshop space, fully equipped kitchen, and sauna makes it highly suitable for tech retreats, provided the group can manage the varied sleeping arrangements.","• Massive common room and dedicated dining/workshop space for 25+ people.
• Excellent facilities including Finnish sauna and well-equipped kitchen.
• High capacity (up to 28 guests) suitable for group events.","• The sleeping arrangements are varied (mix of apartments/rooms), which might require careful coordination for a large group.
• While the common room is huge, the sheer number of bathrooms/toilets (5 toilets + multiple showers) needs confirmation for peak usage by 30+ people.
• No dedicated hot tub or pool visible.","The photos (e.g., '011_spolecenska-a-jidelni-mistnost.jpg') show a very large common room/dining area with multiple long tables and ample seating capacity, confirming the ability to host 25-30 people for workshops or gaming. The sauna is visible as part of the wellness facilities (ochlazovna se saunou). The kitchen areas are described as 'velmi dobře vybavených kuchyňských koutech' with a large dining area setup.",28,24,4,9,"['6x 2-bed', '3x 4-bed']",,5,5,2,YES,finnish,NO,NO,YES,"Jídelní stoly pro 24 hostů, vhodné pro work nebo hry.",24,,Společenská místnost s jídelnou a krytou terasou. Má krbovou kaminu a je vhodná pro setkání.,1,1,Dvě kuchyně (větší ve společných prostorech a menší v patře) s myčkou nádobí.,YES,,YES,NO,29990,7990,"Cena zahrnuje pronájem, úklid, povlečení a využití vybavení. K ceně se připočítává elektřina.",13947,chata-novy-zlatnik-krasna-pronajem-o13947.html
24,85.0,79.5,Chata Smrková,https://www.e-chalupy.cz/ubytovani-karlov-pod-pradedem-chata-smrkova-o1304,Jeseníky,Karlov pod Pradědem,"https://www.google.com/maps?q=50.02047,17.2979425","50.02047, 17.2979425",23.0,22.0,17.0,14.5,13.0,YES,"Chata Smrková is an excellent fit due to its massive common room and high-quality, dedicated private wellness amenities. The capacity and kitchen are perfect for group events, making it highly recommended despite the slightly formal feel of the sleeping quarters.","• Excellent private wellness facilities (sauna, hot tub) included in the stay.
• Very large common room and dining area suitable for group activities/workshops.
• Fully equipped kitchen capable of catering to a large group.
• High capacity (up to 30 guests) with multiple bathrooms (9 toilets).","• The sleeping arrangements are spread across many small, private rooms rather than dedicated dorms, which might feel less 'campy' for some gamers.
• While the common room is big, the seating arrangement in photos suggests more dining/meeting setup than flexible gaming space.
• The property description mentions utilizing external hotel facilities (Kamzík) for wellness, but also confirms a private internal wellness center.","The photos show a large common area (jidelna/společenská místnost) with ample space for gathering. Specifically, Photo '022' shows multiple sturdy wooden tables and chairs arranged in rows suitable for workshops or group dining. The wellness area ('023', '024', '025') confirms a private sauna (sudová sauna), hot tub/jacuzzi (vířivka), and general relaxation space, which is a major bonus. The kitchen photos confirm a fully equipped kitchen with modern appliances (induction cooktop, dishwasher, etc.).",30,30,0,9,['Multiple rooms with private bathrooms and showers.'],,9,9,9,YES,finnish,YES,YES,YES,Kitchen/dining area provides ample workspace for large groups.,,,"The ground floor features a fully equipped kitchen and dining area, plus a common living space with a fireplace.",1,1,"Fully equipped kitchen with induction hob, microwave, electric oven, refrigerator, and dishwasher.",YES,,YES,NO,,,Pricing is variable based on season and occupancy. A refundable deposit of 5000 CZK is required.,1304,ubytovani-karlov-pod-pradedem-chata-smrkova-o1304.html
25,85.0,79.5,Selská Chalupa,https://www.e-chalupy.cz/ubytovani-lesni-chalupy-selska-chalupa-o2239,Šumava,Lesní Chalupy,"https://www.google.com/maps?q=49.068890556,13.640619722","49.068890556, 13.640619722",23.0,21.0,16.0,14.0,12.0,YES,"This chalet is an excellent candidate for garage-trip.cz due to its high capacity, extensive amenities, and dedicated common areas. The combination of a large gathering space, multiple bathrooms, and wellness facilities makes it highly suitable for a tech retreat group.","• Excellent capacity (35 guests)
• Multiple private bathrooms/toilets (10 total)
• Comprehensive wellness facilities (Sauna, Pool, Hot Tub)
• Large common area suitable for workshops and games","• The sleeping arrangement is spread across 10 rooms with private baths, which might feel less 'open' than a dedicated retreat lodge.
• While the kitchen is described as fully equipped, specific details on large-scale catering equipment (e.g., industrial ovens) are missing.",The photos show a large common area/dining hall (jidelna) with multiple wooden tables and chairs suitable for group activities. The kitchen area is visible and appears fully equipped. A sauna photo confirms the Finnish sauna facility. The overall setup suggests a communal living space designed for groups.,35,35,0,9,['Mixed size rooms (2-6 beds)'],,10,10,10,YES,finnish,YES,YES,YES,Available in the spacious common room and dining area.,,,Spacious common area with TV and a separate dining/bar area.,1,1,"Fully equipped kitchen with appliances for large groups, including a dishwasher and fridge.",YES,,YES,NO,31000,31000,Price is for the whole object. Additional fees apply for groups over 20 people.,2239,ubytovani-lesni-chalupy-selska-chalupa-o2239.html
26,85.0,77.5,Ubytování Pod Klepáčem,https://www.e-chalupy.cz/prostredni-lipka-ubytovani-pod-klepacem-chalupa-k-pronajmu-o12908,Orlické hory,Prostřední Lipka,"https://www.google.com/maps?q=50.101117778,16.754803333","50.101117778, 16.754803333",24.0,23.0,17.0,13.0,13.0,YES,"This property is an excellent fit for garage-trip.cz due to its massive common area and robust facilities. The combination of dedicated gaming space, large kitchen capacity, and private wellness amenities makes it highly suitable for a tech enthusiast retreat. It meets all critical requirements with high scores across the board.","• Extremely large common area perfect for workshops and gaming
• Fully equipped kitchen capable of feeding large groups
• Dedicated Finnish sauna and ample space for socializing
• High capacity (up to 31 guests) with private rooms/bathrooms","• The sleeping arrangement relies heavily on multiple smaller, separate bedrooms rather than one large open dorm style.
• While the common room is huge, the sheer number of individual bathrooms might be a logistical concern if all are used simultaneously.
• The description mentions mezzanines which could feel less comfortable for long-term group stays.","The photos show a very large common area (společenský prostor) with high ceilings and ample space for gathering. Multiple sturdy wooden tables are visible in the main room, along with numerous chairs, confirming suitability for workshops and gaming. The sauna photos confirm a dedicated Finnish sauna setup. The kitchen photo shows a fully equipped modern kitchen suitable for group cooking. Bedrooms appear to be well-appointed private rooms (though some may have mezzanines), suggesting good privacy.",31,25,6,5,"['Pokoje pro 4-6 osob (x3)', 'Mezonetové ložnice (x2)']",,5,5,5,YES,finnish,NO,NO,YES,"Velký společenský prostor pro zábavu (kulečník, šipky) s barem a terasou.",40,,"Stylový společenský prostor s kulečníkem, šipkami a stolním tenisem. Má vybavený bar a terasu.",,1,Vybavená kuchyň pro vaření pro větší počet osob. Obsahuje ledničku a myčku nádobí.,YES,8,YES,NO,15900,26900,Ceny jsou uvedeny pro letní sezónu. V zimní sezóně je cena vyšší (16900 Kč/víkend).,12908,prostredni-lipka-ubytovani-pod-klepacem-chalupa-k-pronajmu-o12908.html
27,85.0,76.0,Chalupa k pronájmu,https://www.e-chalupy.cz/chalupa-stare-purkartice-ubytovani-o18418,Jeseníky,Staré Purkartice,"https://www.google.com/maps?q=50.1250469,17.5363686","50.1250469, 17.5363686",24.0,23.0,17.0,13.0,12.0,YES,"This chalet is an excellent fit for a tech retreat due to its massive common room, multiple kitchen facilities, and high number of private bathrooms. While it lacks a dedicated sauna, the combination of space, amenities, and group capacity makes it highly recommended.","• Excellent common space for large groups (49m²)
• Multiple fully equipped kitchens and dining areas
• High number of private bathrooms/showers (11 WC, 9 koupelny)
• Includes a hot tub/pool and outdoor recreational area","• No dedicated sauna facility mentioned or visible in photos
• The property is large but the layout might require coordination for 25-30 people to feel cohesive
• Requires bringing own beer keg/tap setup (though possible)","The photos show a large common area (visible in '006' and '011') with multiple wooden tables and chairs suitable for group work or gaming. The kitchen is modern and well-equipped ('021'). The wellness area includes an outdoor pool/hot tub setup ('026'), confirming the high bonus feature. Bedrooms are shown to be spacious, often featuring en-suite bathrooms, which contributes positively to privacy.",28,24,4,9,"['Přízemí: Vstupní chodba, společenská místnost (49 m2), wellness místnost, kuchyň (10m²), 2 samostatná WC.', 'První patro: Otevřená obytná kuchyň (20m²), 5 ložnic:', 'Lohnice 1/ (12m²) s lůžkem, TV a koupelnou.', 'Lohnice 2/ dvojpokoj (24m²) s dvojlůžkem, lůžkem, TV a koupelnou.', 'Lohnice 3/ (17m²) s dvojlůžkem, lůžkem, TV a koupelnou.', 'Lohnice 4/ (13m²) se 2 lůžky, TV a koupelnou.', 'Lohnice 5/ dvojpokoj (24m²) s dvojlůžkem, lůžkem, TV a koupelnou.', 'Podkroví: Schody z obytné kuchyně. 4 ložnice:', 'Lohnice 1/ (40m²) s dvojlůžkem, 2 lůžky, TV a koupelnou.', 'Lohnice 2/ (21m²) s dvojlůžkem, TV a koupelou.', 'Lohnice 3/ (39m²) s dvojlůžkem, 2 lůžky, TV, koupelnou a samostatným WC.', 'Lohnice 4/ (21m²) s dvojlůžkem, TV a koupelou.']",0,11,9,9,NO,,YES,YES,YES,Ano,,49,"Společenská místnost (49 m2) s výbavou: stoly a židlemi, barovým pultem s výčepním zařízením (možnost přivést si vlastní sud piva nebo lima), piánem a TV.",2,1,"Dvě plně vybavené kuchyně. V kuchyni (10m²) jsou k dispozici: sklokeramická varná deska (4 varné jednotky), el. trouba, lednička, myčka na nádobí, mikrovlnná trouba, kávovar De Longhi a el. konvice.",YES,1,NO,NO,20000,42000,"Při nástupu je vyžadována kauce ve výši 5000 Kč, při objednání pobytu je vyžadována záloha ve výši 30%.",18418,chalupa-stare-purkartice-ubytovani-o18418.html
28,85.0,76.0,Chata k pronájmu,https://www.e-chalupy.cz/chata-moravsky-karlov-o4717,Orlické hory,Moravský Karlov,"https://www.google.com/maps?q=50.027603056,16.777745278","50.027603056, 16.777745278",25.0,23.0,16.0,14.0,12.0,YES,"This property is an excellent fit for garage-trip.cz due to its massive common area, dedicated gaming space, and comprehensive wellness facilities. The high capacity ensures no bottlenecks, making it ideal for a large tech retreat group.","• Excellent common room space with multiple tables and seating for large groups.
• High capacity (44 guests) ensures sufficient facilities for 25-35 people.
• Comprehensive amenities including sauna, hot tub/barrel, and heated pool area.
• Fully equipped kitchen suitable for catering to a large group.","• The sleeping arrangement is in 10 separate units, which might feel less communal than desired.
• While capacity is high, the ratio of private bathrooms (1 per unit) might be slightly spread out rather than centralized/modernized.
• The overall aesthetic and furniture style appear dated or very rustic.","The photos confirm a large common area (visible in '001' and '011') with ample space for gathering. The main room contains multiple tables suitable for laptops and board games, along with numerous chairs. The bedrooms are shown as private units ('026'), suggesting individual privacy. Wellness facilities include a visible sauna and hot tub/barrel (mentioned in the description). The kitchen is described as 'poloprofi' and appears well-equipped for large groups.",44,44,0,10,['10 separate bedrooms (each with private WC/shower)'],,10,10,10,YES,finnish,YES,YES,YES,Ample space for seating around tables in the common room.,,,"Large common room with a bar area, equipped with TV, ping pong, and board games.",4,2,"Fully equipped semi-professional kitchen with two large multi-function stoves, four refrigerators, and dishwashers.",YES,,YES,NO,31000,65000,Prices do not include energy or local recreation fees. Note that bedding is included only for weekly stays.,4717,chata-moravsky-karlov-o4717.html
29,85.0,76.0,Chata U Lanovky Kořenov,https://www.e-chalupy.cz/chata-u-lanovky-rejdice-ubytovani-o7109,Jizerské hory,Rejdice,"https://www.google.com/maps?q=50.735175,15.368489722","50.735175, 15.368489722",24.0,23.0,16.0,13.0,12.0,YES,"This property is highly suitable for garage-trip.cz due to its massive common area, multiple dining/work stations, and capacity for 35 people. The outdoor pool and excellent location compensate for the lack of an on-site sauna, making it a strong recommendation.","• Excellent common area with multiple large tables for workshops/gaming.
• High capacity (32 beds) suitable for large groups of 25-35 people.
• Located near ski resorts and outdoor activities (ideal for tech/gamer group bonding).
• Multiple fully equipped kitchens allow for self-catering meals.","• Lack of dedicated indoor sauna or hot tub on site (only an outdoor pool is visible).
• The sheer size and complexity might require coordination for a large group.
• Sleeping arrangements, while numerous, are spread across many rooms, which could be logistically challenging to manage.","The photos confirm a large common area (e.g., '004_kuchyn-ve-spolecenske-mistnosti.jpg' and '016_kuchyn-v-2-patre.jpg') with multiple dining/work tables and ample chairs, suitable for 25-30 people. The common room is well-equipped with kitchen facilities. Bedroom setups show a mix of large rooms (4-bed) and smaller private units, suggesting good privacy distribution. Wellness features include an outdoor pool ('005_bazen-prijde-v-lete-vhod.jpg') but no indoor sauna or hot tub is clearly visible in the provided images; however, the description mentions a 'sanou' (sauna) in the hotel nearby and general wellness options.",35,32,3,11,"['1x 4-bed', '2x 3-bed', '2x 2-bed', '1x 4-bed', '2x 2-bed', '1x 4-bed (mini kitchen/bath)', '1x 2-bed (mini bath)']",,5,3,3,NO,none,YES,YES,NO,Multiple equipped kitchens/dining areas are available; the main common area has large dining tables.,32,,Large common room with a kitchen corner and seating for 32 people. It also features an ornamental pond.,3,1,"Three fully equipped kitchens with dishwashers, plus a mini-kitchenette in one bedroom. Equipped for large groups.",YES,12,YES,NO,18000,6000,Pricing varies by season. The deposit is CZK 4000.,7109,chata-u-lanovky-rejdice-ubytovani-o7109.html
30,85.0,75.5,Chata U Mazliků,https://www.e-chalupy.cz/ubytovani-janov-nad-nisou-chata-u-mazliku-pronajmuti-o2180,Jizerské hory,Janov nad Nisou,"https://www.google.com/maps?q=50.779024722,15.172361389","50.779024722, 15.172361389",24.0,23.0,16.0,13.0,12.0,YES,"This chalet is an excellent choice for 'garage-trip.cz'. The common room and kitchen are exceptionally well-equipped for workshops, hacking sessions, and communal dining. While the sleeping arrangements require careful planning due to their spread across multiple apartments, the high quality of the shared spaces and amenities makes it highly suitable for a tech retreat.","• Large, versatile common room for group activities
• Excellent kitchen setup for large groups (2x fridges, dishwasher)
• Dedicated wellness area with Finnish sauna and showers
• Absolute privacy (rented as a whole property)","• Sleeping arrangements are complex/spread out across multiple apartments
• The sheer number of bathrooms/toilets might be overwhelming to navigate for a group unfamiliar with the layout
• Potential lack of dedicated, large-scale outdoor gaming space visible","The photos show a very large common room (společenská místnost) with a bar area and fireplace, suitable for gathering. The main photo shows several long wooden tables arranged in the space, confirming capacity for multiple laptops or workshop setups. The kitchen photo confirms modern appliances including two large refrigerators and a dishwasher. The wellness photos confirm a dedicated sauna area with multiple showers and changing facilities. The bedrooms appear to be well-appointed apartments (apartmány) rather than simple rooms, suggesting comfort and privacy.",31,31,0,11,"['2x double room with bathroom', '5x two-room apartments (some non-through)', '4x other rooms/apartments']",,7,7,7,YES,finnish,NO,NO,YES,Includes a children's playroom with games and general seating areas.,,,"Large common room/dining area with a fireplace, bar, and equipped for socializing.",2,1,"Modernly equipped kitchen with induction stove, dishwasher, oven, microwave, and two large refrigerators/freezers.",YES,,YES,NO,,,Pricing details not provided in the text.,2180,ubytovani-janov-nad-nisou-chata-u-mazliku-pronajmuti-o2180.html
31,85.0,75.5,Ranč Návary,https://www.e-chalupy.cz/ubytovani-navary-chalupa-pronajmuti-o688,Jižní Čechy,,"https://www.google.com/maps?q=48.9788025,15.2085694444","48.9788025, 15.2085694444",24.0,23.0,17.0,14.0,12.0,YES,"Ranč Návary is an excellent candidate due to its massive, flexible common room and comprehensive amenities. The space can easily accommodate a large group for workshops and gaming. While the beer tap is unconfirmed, the overall scale, privacy, and facilities make this a highly recommended choice.","• Massive common room space ideal for workshops and gaming
• Multiple fully equipped kitchens suitable for large-scale catering
• Excellent wellness amenities (Sauna, Hot Tub, Pool)
• Private, secluded location with vast surrounding grounds","• Lack of confirmed beer tap availability
• Sleeping arrangements are spread out but require careful coordination for 25+ people
• The property description does not explicitly detail the number of bathrooms/showers available in the common areas (though it lists 7 toilets)","The photos show a very large, open-plan common area (obývací pokoj/jídelní kout) with high ceilings and exposed wooden beams, confirming excellent space for gathering. Multiple tables are visible in the dining/common areas—at least one long table setup is evident, suitable for workshops or board games. The room layout suggests flexible seating arrangements. The sauna area (not explicitly photographed but described as 'infra' and having a shower corner) appears adequate for group use. The kitchen facilities seem robust enough to handle large groups, though the beer tap is not visible.",28,22,6,9,"['4x 2-bed with private bath', '1x 4-bed with private bath', '2x apartment (2 bedrooms each) with private bath', '2x living room/suite']",,7,7,7,YES,infra,YES,YES,NO,Multiple common rooms are available for socializing and work.,,130,"Two large common areas (60m2 and 70m2) with a living room, dining area, and kitchen.",2,2,"Two fully equipped kitchens with dishwashers, suitable for large groups.",YES,,YES,NO,,,Pricing is per person/night; minimum occupancy of 20 people required. Energy surcharge may apply.,688,ubytovani-navary-chalupa-pronajmuti-o688.html
32,85.0,74.5,Chata u Vleku,https://www.e-chalupy.cz/kouty-nad-desnou-ubytovani-chata-pronajmuti-o910,Jeseníky,Kouty nad Desnou,"https://www.google.com/maps?q=50.103902778,17.129131389","50.103902778, 17.129131389",24.0,23.0,16.0,14.0,13.0,YES,"This property is an excellent candidate due to its massive common room and comprehensive wellness facilities. While the toilet count is slightly low for 30 people, the sheer size of the gathering space and multiple kitchens make it highly suitable for a tech retreat.","• Extremely large common area (117m²), ideal for group activities.
• Excellent wellness amenities: Finnish sauna and hot tub are available.
• Multiple cooking areas (3 kitchens) support feeding a large group easily.
• The property is fully private and situated in a beautiful natural setting.","• Limited dedicated toilet count (5 toilets total, potentially bottlenecking 25-30 people).
• Beer tap availability is not mentioned or confirmed.
• Sleeping arrangements are complex; while capacity is high, the distribution across many small rooms might feel fragmented for a large group.","The photos confirm a very large common area (jidelna/obývací pokoj) with ample space for gathering. Multiple tables and chairs are visible in the main living area, suggesting capacity for workshops and games. The sauna photo shows a dedicated, well-equipped Finnish sauna room. Bedroom photos show various setups, including multiple beds, but also suggest some density. Kitchen facilities appear adequate based on descriptions (3 kitchen corners).",30,21,9,7,"['4x 2-bed', '1x 3-bed (with pullout)', '2x 2-bed', '1x 4-person apartment bedroom']",,5,3,2,YES,finnish,YES,YES,NO,Large common room with ample seating areas suitable for games and work.,20,117,The main floor is very spacious (117m2) and includes a large dining area for 20 people. It has multiple zones for relaxation and activities.,3,2,Three fully equipped kitchen corners are available. The main floor has a full setup; the apartment has a full setup.,YES,8,YES,NO,,,Heating is charged based on consumption. Sauna usage is included in the energy cost.,910,kouty-nad-desnou-ubytovani-chata-pronajmuti-o910.html
33,85.0,74.0,Chata za Grapou,https://www.e-chalupy.cz/chata-za-grapou-oscadnica-ubytovani-o17498,Javorníky,Oščadnica,"https://www.google.com/maps?q=49.4424063889,18.8821811111","49.4424063889, 18.8821811111",24.0,23.0,16.0,14.0,13.0,YES,"This chalet is an exceptionally strong candidate for garage-trip.cz due to its massive common area, dedicated gaming/workshop space, and excellent wellness amenities. The capacity and facilities easily accommodate a large tech enthusiast group, making it highly recommended.","• Excellent common room size with multiple tables for workshops/gaming.
• High capacity (42 beds) suitable for large groups of 25-35 people.
• Comprehensive wellness facilities including Finnish sauna and hot tub.
• Multiple bedrooms ensuring comfortable sleeping arrangements.","• The sheer number of bathrooms/toilets (11 total) is excellent, but the ratio might still feel tight during peak times.
• While capacity is high, the overall layout suggests a large, sprawling property which might lack intimate 'boutique' feel.
• Booking requires coordination for catering and group activities.","The photos show a very large common area (Photo 1) with ample space for gathering and multiple sturdy wooden tables suitable for laptops and board games. The room setup is open and spacious. Bedrooms appear to be standard hotel/rental style rooms (Photos 2, 3), suggesting comfortable regular beds rather than overcrowded dorms. Wellness facilities are confirmed by the photos: a dedicated sauna area (Photo 5) and an outdoor hot tub/jacuzzi area (Photo 6). The kitchen setup visible in the photos is modern and well-equipped, confirming cooking capability for a large group.",48,42,6,15,"['1x 4-bed', '2x 3-bed', '1x 5-bed', '1x 2-bed', '1x 4-bed (with private WC)', '1x 3-bed', '1x 2-bed', '2x 3-bed', '2x 2-bed', '3x 2-bed']",,11,9,,YES,finnish,YES,NO,YES,Multiple tables are available in the common area for games and work.,,38,"The main common room is located on the ground floor and has dimensions of 7x5.5 m, featuring a fireplace and TV.",2,1,"Fully equipped with two kitchens, including a fridge/freezer, dishwasher, gas stove, electric oven, microwave, etc.",YES,10,YES,NO,,,Pricing is per person/night. Deposits and specific fees apply for amenities like sauna or hot tub.,17498,chata-za-grapou-oscadnica-ubytovani-o17498.html
34,85.0,74.0,Chata Chiranka,https://www.e-chalupy.cz/ubytovani-lipova-lazne-chata-chiranka-pronajmuti-o1690,Jeseníky,Lipová-lázně,"https://www.google.com/maps?q=50.225296389,17.132235556","50.225296389, 17.132235556",24.0,23.0,17.0,13.0,13.0,YES,"Chata Chiranka is an excellent choice for garage-trip.cz due to its massive common area, ample tables, and high capacity. While it requires utilizing nearby resort amenities for peak wellness features, the dedicated space and kitchen setup make it highly suitable for a large tech retreat.","• Excellent common room setup with multiple large tables for group work.
• High capacity (up to 45 guests) suitable for large tech retreats.
• Comprehensive wellness facilities available nearby (Finnish sauna, hot tub, etc.).
• Fully equipped kitchen and beer tap capability.","• The property itself is not fully private; it's part of a larger complex/resort area.
• Sleeping arrangements are varied and may require coordination for 25-35 people to ensure comfort.
• Reliance on external facilities (Helios/TOČ) for the best wellness experience.","The photos show a large common room/dining area ('spolecenska-mistnost' and 'jidelna'). Photo '004' shows multiple long tables covered with tablecloths, suggesting capacity for many people (laptops/workshops). There are numerous chairs visible. The setup is ideal for group work. The photos confirm the presence of a sauna area (implied by wellness descriptions and photo 009 showing bar equipment), hot tub access (mentioned in text), and a well-equipped kitchen/bar area.",45,45,0,14,"['8x 2-3 bed rooms', '3x 2-bed apartments (with en-suite)']",,11,10,8,YES,finnish,YES,YES,YES,Common room has seating areas for games and general use.,,,"Large common room/dining area with a bar, equipped with LCD TV, foosball, billiards, and a kids' corner.",2,,"Fully equipped kitchen with four stove burners, coffee maker, large fridge, freezer fridge, kettle, and microwave.",YES,,YES,NO,28000,,Pricing varies by season; minimum stay requirements apply. Additional fees for wellness center and activities are separate.,1690,ubytovani-lipova-lazne-chata-chiranka-pronajmuti-o1690.html
35,85.0,73.5,Chalupa Simia,https://www.e-chalupy.cz/chalupa-simia-zdobnice-pronajem-o12738,Orlické hory,Zdobnice,"https://www.google.com/maps?q=50.2405422222,16.4109519444","50.2405422222, 16.4109519444",23.0,24.0,16.0,14.0,13.0,YES,"This chalet is an excellent fit for garage-trip.cz due to its massive common area and capacity for large groups, making it ideal for workshops and gaming sessions. While the focus seems geared towards families, the robust infrastructure (kitchen, bathrooms) and dedicated space make it highly suitable for a tech retreat.","• Massive common room suitable for large groups
• Excellent capacity for group activities/workshops
• High number of bathrooms/toilets (10 total)
• Full professional kitchen and ample parking","• Focus on family/children (may be distracting)
• Beer tap is not explicitly listed or confirmed in photos/description
• The sheer size might feel overwhelming for a small group","The photos show a very large main common room (Společenská místnost) with high ceilings and ample space for gathering. Multiple images confirm the presence of several long, sturdy wooden tables suitable for group work or gaming. The seating arrangement includes numerous chairs around these tables, suggesting capacity for 25+ people. The bedrooms appear spacious, though some photos focus on general room setups rather than specific bed counts. The sauna is listed as 'finská sauna' and the wellness area description mentions a 'vířivka' (steam bath) and 'koupací sud' (hot tub), confirming high-quality amenities.",34,30,4,10,"['5x 4-person', '5x 2-person']",,10,10,10,YES,finnish,YES,NO,NO,Ample space for games like table football and ping pong; includes projector and TV.,,130,"Features a large main common room (130m2) with a bar and fireplace, plus a smaller secondary lounge.",1,1,"Fully equipped professional kitchen with stove, dishwasher, convection oven, and multiple microwaves.",YES,10,YES,NO,42000,79000,Deposit covers electricity costs and local recreation fees (20 CZK/person >18 years/day).,12738,chalupa-simia-zdobnice-pronajem-o12738.html
36,85.0,73.5,Chalupa u potoka,https://www.e-chalupy.cz/chalupa-u-potoka-prostredni-lipka-pronajem-o16912,Orlické hory,Prostřední Lipka,"https://www.google.com/maps?q=50.1018827778,16.7535636111","50.1018827778, 16.7535636111",24.0,23.0,17.0,14.5,13.0,YES,"This chalet is an excellent fit for garage-trip.cz due to its massive common areas, dedicated workspace, and high-quality amenities like the sauna and hot tub. The only major concern is the limited number of toilets relative to the group size; however, the overall space and facilities make it a highly recommended choice.","• Excellent capacity for large groups (28 guests)
• Multiple common areas and dedicated workspace/dining tables
• High-end amenities including Finnish sauna and hot tub
• Fully equipped kitchen capable of catering for 25+ people","• Limited number of toilets (only 3 mentioned in Pass 1, potentially insufficient for 30+ adults)
• The sleeping arrangement is spread across multiple floors, which might require navigating stairs with gear/people.
• Catering must be arranged externally, as the property does not provide meal services.","The photos confirm a large common area (visible in the top left and bottom right images) with ample space for gathering. Multiple dining/work tables are visible, suggesting capacity for many people to work or play games. The bedrooms appear comfortable and well-appointed, avoiding overcrowded dorms. The sauna is confirmed as Finnish and includes an outdoor soaking tub/jacuzzi area (visible in the top left image). The kitchen photos show a modern, fully equipped setup with ample counter space and appliances suitable for large group cooking.",28,28,0,7,"['2x 4-bed', '1x 8-bed (split into two 4-bed rooms)']",,3,3,3,YES,finnish,YES,NO,YES,Kitchen is fully equipped for group dining; seating capacity is high.,,72,The ground floor includes a large common room and gym area (6x12m).,1,2,Fully equipped kitchen with ample dishes and multiple dishwashers.,YES,8,YES,NO,35000,70000,Minimum stay is 6 nights. Electricity usage is paid separately based on consumption.,16912,chalupa-u-potoka-prostredni-lipka-pronajem-o16912.html
37,85.0,73.5,Chalupa Líšenka,https://www.e-chalupy.cz/ubytovani-lisnice-chalupa-lisenka-o17430,Orlické hory,Lišnice,"https://www.google.com/maps?q=50.0728491667,16.5221230556","50.0728491667, 16.5221230556",22.0,23.0,16.0,14.0,12.0,YES,"This property is an outstanding candidate due to its massive common area, excellent group facilities, and high number of bathrooms. The only minor drawback is the lack of a beer tap, but the overall suitability for large-scale workshops and social events makes it highly recommended.","• Excellent size and layout of the common room (ideal for workshops/gaming).
• High capacity with multiple bathrooms (8 toilets, 7 baths) minimizing bottlenecks.
• Comprehensive wellness facilities including whirlpool and infrared sauna.
• Fully equipped kitchen capable of handling large-scale catering.","• No dedicated beer tap facility mentioned or visible.
• The sheer size and luxury nature might be overkill/too formal for a casual tech retreat vibe.
• Requires significant deposit (10,000 - 20,000 CZK) which is a financial concern.","The photos show a very large open-plan common room (kuchyně se společenskou místností) with exposed brick vaulted ceilings, which provides excellent space for gathering. The kitchen area is fully equipped with modern appliances including two refrigerators, an induction hob, and a dishwasher, suitable for catering/large groups. In the main photo ('006_kuchyn-se-spolecenskou-mistnosti.jpg'), several large wooden tables are visible, suggesting capacity for multiple work stations or game setups. The room setup is conducive to group activities. The sauna area (visible in '001_lisenka-virivka.jpg') includes both a whirlpool and an infrared sauna. Bedrooms appear private and well-appointed, avoiding the look of overcrowded dorms. The overall impression from photos confirms high quality and suitability for large groups.",30,25,5,7,"['2 ložnice (pro 5 a 2 osoby)', '5 ložnic s koupelnami (kapacity: 5,5,2,3, 3 lůžka)']",,8,7,7,YES,infra,YES,NO,NO,Vykupení kompletními vybavením kuchyně; je možné připravit dataprojektor a flipchart tabuli.,,,Velká společenská místnost s kuchyní. Je vybavena fotbálek a pianinem.,,,Kompletní vybavení kuchyně včetně kávovaru. Je přítomna i menší kuchyň.,YES,,YES,NO,32700,69900,Cena nezahrnuje spotřebovanou elektřinu ani poplatek z pobytu obci.,17430,ubytovani-lisnice-chalupa-lisenka-o17430.html
38,85.0,73.5,Chalupa U Medunky,https://www.e-chalupy.cz/ubytovani-mrac-chalupa-medunka-k-pronajmu-o13786,Střední Čechy,Mrač,"https://www.google.com/maps?q=49.8412333333,14.6936833333","49.8412333333, 14.6936833333",22.0,20.0,16.0,13.0,14.0,YES,"This property is an excellent candidate, scoring highly due to its large capacity, extensive facilities (pool, kitchen, beer tap), and spacious common areas. The only minor drawback is the lack of a dedicated sauna, but overall it meets nearly all critical requirements for a successful tech retreat.","• Large common space suitable for group activities.
• Excellent facilities: Pool, fully equipped kitchen, and beer tap available.
• High capacity (27 guests) with multiple bathrooms/toilets (5 baths + 2 WC).
• Private setting on a large plot with garden access.","• No dedicated sauna facility is listed or visible.
• Sleeping arrangements include some bunk-style setups which might feel less private than desired for tech enthusiasts.
• The common room's furniture setup needs confirmation to ensure enough *work* tables/laptops space.","The photos show a large common area (visible in '001_chalupa-u-medunky.jpg') with ample space for gathering. While specific tables and chairs are not explicitly detailed in the provided images, the overall size suggests capacity for many people. The bedrooms ('010', '011', '012', '013') show standard, comfortable double/queen beds and bunk-style setups (though generally well-spaced). The wellness area is confirmed by the presence of a large outdoor pool ('004_bazen-se-zahradou.jpg'). The kitchen description confirms full equipment, including a beer tap ('pípa na pivo').",27,27,0,7,"['5x 4-bed', '1x 5-bed + double bed']",,7,5,,NO,none,YES,YES,YES,"Not specified, but the description implies space for gathering.",,,The property has a common living area and is described as having a 'společenská místnost'.,4,1,"Fully equipped kitchen with multiple appliances suitable for large groups (4 fridges, dishwasher, stove).",NO,,YES,NO,20000,,"Price is for up to 27 guests. Note that the weekend price listed (20,000 CZK) applies across seasons.",13786,ubytovani-mrac-chalupa-medunka-k-pronajmu-o13786.html
39,82.0,76.0,Ubytování Na Mlýně,https://www.e-chalupy.cz/ubytovani-na-mlyne-kuklik-pronajem-o6965,Vysočina,Kuklík,"https://www.google.com/maps?q=49.624509722,16.117525278","49.624509722, 16.117525278",24.0,23.0,17.0,12.0,13.0,YES,"This property is an excellent fit for garage-trip.cz due to its massive common area, abundant tables, and high capacity facilities. The main drawback is the lack of visible sauna amenities and confirmed beer taps, but these are minor concerns given the overall suitability for group tech retreats.","• Excellent size and layout of the common room for workshops and gaming.
• Ample number of long tables and seating confirmed by photos.
• High toilet ratio (10 toilets) minimizing bottlenecks for large groups.
• Large cooking facilities (5 kitchen lines) suitable for feeding 25-35 people.","• Lack of a dedicated, visible sauna facility (though hot tub is present).
• The sleeping arrangements are spread across many rooms and may require coordination to ensure privacy.
• No explicit mention or confirmation of a beer tap/bar setup.","The photos show a very large common room with high wooden beams and multiple sections for gathering. There are numerous long tables covered in patterned cloths, suggesting capacity for many people (laptops/workshops). The seating arrangement is extensive. In the background, there is a prominent arched fireplace area which serves as a cozy gathering spot. The kitchen areas visible suggest ample cooking capability with multiple sinks/lines mentioned in the description. While no dedicated sauna room is explicitly shown, the overall space and amenities imply a large capacity for group activities.",42,42,0,10,"['8 pokojů (kapacita 36 lůžek)', 'Apartmán: 2x třílůžkové pokoje']",,10,5,6,NO,none,YES,YES,NO,Dostatek stolu v jídelně na cca 40 osob.,40,,Velká jídlna s TV pro cca 40 osob a společenská místnost s krbem pro cca 25 osob.,2,,5 vybavených kuchyňských linek v hlavní budově a jedna v apartmánu.,YES,12,YES,NO,,,Ceny jsou dle dohody s majitelem. Poplatky za rekreační poplatek a domácí mazlíčky nejsou zahrnuty.,6965,ubytovani-na-mlyne-kuklik-pronajem-o6965.html
40,79.0,76.0,Statek Hostačov,https://www.e-chalupy.cz/ubytovani-zvestovice-statek-hostacov-o18555,ubytování Vysočina,,"https://www.google.com/maps?q=49.849464167,15.496160278","49.849464167, 15.496160278",23.0,20.0,16.0,14.5,13.0,YES,"This property offers a fantastic balance of group gathering space, privacy, and high-end amenities like the sauna. While the common room photos don't explicitly show enough dedicated gaming tables, its sheer size makes it highly adaptable. It is an excellent choice provided you can confirm adequate table rentals or bring your own equipment.","• Large, dedicated common area suitable for workshops and games.
• High level of privacy (whole object rental).
• Excellent wellness amenities including a Finnish sauna and hot tub.
• Multiple private bedrooms with en-suite facilities.","• Lack of visible large, sturdy tables specifically designed for 25+ laptops/games in the main common room photos.
• Beer tap is not listed as an available facility.
• The kitchen setup, while large, might require confirmation on capacity for 30+ people simultaneously.","The photos confirm a large common area with exposed wooden beams and a tiled roof, suitable for gathering. In the main visible room (Photo 2), there is ample space, but the tables/seating are not explicitly shown as multiple dedicated gaming/work stations; however, the overall size suggests capacity. The sauna is confirmed to be Finnish and appears well-maintained. The kitchen area (Photos 1, 3, 4) shows a large, functional setup with tiled stoves and ample counter space for cooking meals for a group. Bedrooms are shown as private units, avoiding overcrowded dorms. Toilet/bathroom facilities appear sufficient given the number of separate rooms.",29,25,4,6,"['Pokoj č. 1: 2x manželská postel, 2x jednolůžko', 'Pokoj č. 2: 2x manželská postel, 2x jednolůžko', 'Pokoj č. 3: 1x manželská postel, 1x jednolůžko', 'Pokoj č. 4: 1x manželská postel, 2x jednolůžko', 'Pokoj č. 5: 1x manželská postel, 1x rozkládací sedací souprava', 'Apartmán č. 6: 1x manželská postel, 1x rozkládací gauč']",,6,6,6,YES,finnish,YES,NO,NO,Dostatek stolu v kuchyni a společenské místnosti; vhodné pro work nebo hry.,,,Velká společenská místnost s kachlovými kamny a jídelnou. Je vhodná pro setkání i firemní akce.,6,,"Plně vybavena kuchyň s myčkou nádobí, ledničkou a kachlovými kamny. Možnost ugrilovat pstruha.",YES,,YES,NO,,,Ceník a poplatky nejsou uvedeny v detailu.,18555,ubytovani-zvestovice-statek-hostacov-o18555.html
41,75.0,77.5,Avion Holčovice,https://www.e-chalupy.cz/ubytovani-holcovice-penzion-avion-pronajmuti-o8666,Jeseníky,,"https://www.google.com/maps?q=50.157274167,17.450715","50.157274167, 17.450715",24.0,23.0,15.0,8.0,12.0,YES,"This property offers exceptional common areas and facilities, making it highly suitable for group activities like workshops and gaming. While the lack of an indoor sauna is a notable drawback, the sheer size of the common room, ample tables, and high toilet count compensate significantly, giving it a strong recommendation.","• Large common room suitable for workshops and gaming
• Excellent outdoor recreational areas (grill, pergola, sports fields)
• High toilet count (12 toilets) minimizes bottlenecks
• Fully equipped kitchen capable of feeding large groups","• No dedicated sauna facility is mentioned or visible
• The sleeping arrangement relies on multiple small rooms rather than a single large communal space
• The hot tub/wellness area might be limited to outdoor use only","The photos show a large common area with multiple wooden tables and chairs set up for group activities (Photo 2). The room appears spacious enough to accommodate many people working or playing games. Bedrooms are visible in the background/side shots; they appear to be standard double rooms, suggesting comfortable sleeping arrangements without overcrowded dorms. A sauna is not explicitly visible in any of the photos, nor is it mentioned as a feature (only hot tub/outdoor facilities are highlighted). The kitchen area seems well-equipped for large groups, showing commercial appliances and ample counter space.",30,24,6,12,['12x 2-bed'],,12,12,12,NO,none,YES,YES,NO,Seating available in the common room and outdoors under the pergola.,30,,Large multifunctional common room suitable for team building or gaming. Includes a pergola with outdoor seating.,,1,"Fully equipped kitchen with large pots, Nespresso machine, and a dishwasher.",YES,,YES,NO,14400,33600,Prices include consumed energy costs. Summer season: 20-30 CZK/person/day; Winter season: 60-100 CZK/person/day.,8666,ubytovani-holcovice-penzion-avion-pronajmuti-o8666.html
42,75.0,73.5,Statek,https://www.e-chalupy.cz/ubytovani-razova-chalupa-statek-pronajem-o8163,Jeseníky,Razová,"https://www.google.com/maps?q=49.9160922222,17.5266822222","49.9160922222, 17.5266822222",24.0,22.0,16.0,14.0,13.0,YES,"Statek is an excellent candidate due to its massive size, privacy, and comprehensive amenities. The combination of multiple kitchens, a dedicated sauna/hot tub area, and the sheer number of beds makes it ideal for a large tech retreat. We recommend confirming local beer tap access or planning for external sourcing.","• Excellent privacy and large enclosed courtyard (dvůr)
• Multiple fully equipped kitchens/dining areas
• High-capacity sleeping arrangements (9 bedrooms, 30 beds)
• Comprehensive wellness facilities including Finnish sauna and hot tub","• Limited beer tap availability (must be brought or sourced externally)
• Potential bottleneck in bathrooms/toilets for very large groups (though capacity is high)
• The common room setup might feel segmented across multiple floors.","The photos confirm a large common area (společenská místnost) in the attic and ground floor, suitable for gathering. Kitchen photos show ample counter space and multiple cooking facilities (two fully equipped kitchens). The sauna photos confirm a dedicated Finnish sauna and an outdoor viewing platform/terrace. The image of the kitchen-dining area shows at least one dining table set for 8 people, but the overall common room size suggests capacity for many more temporary setups using folding tables or reorganizing space.",30,30,0,9,"['1x 3-bed', '3x 4-bed', '5x 3-bed']",,7,2,4,YES,finnish,YES,NO,NO,Dining area table seats 8 people; ample workspace in the kitchen/dining area.,8,,"Large common room with fireplace and billiard table, suitable for events or family gatherings. Includes separate living space with TV.",2,1,"Two fully equipped kitchens with fridge, gas stove/oven, microwave, and dishwasher. Suitable for large group cooking.",YES,,YES,NO,24000,49000,"Weekend price is 24,000 CZK. Deposit varies (e.g., 2800 CZK for weekend). Local fees and bedding are included.",8163,ubytovani-razova-chalupa-statek-pronajem-o8163.html
